Math_Score,Running_Time
64,15.593846934993206
54,16.33007607737622
62,19.527164991189448
80,19.103421141139727
84,10.877436087385446
78,19.731173976628085
74,18.161165176948913
71,14.581876700224955
84,14.722984881354522
90,17.267293683223425
